{
	"start":	{
		"connected":	[{
				"socket":	5,
				"local_host":	"192.168.1.1",
				"local_port":	35810,
				"remote_host":	"192.168.1.2",
				"remote_port":	5201
			}],
		"version":	"iperf 3.5",
		"system_info":	"Linux 5d61e8d7-e361-4913-be72-9c3598041b06-r1.novalocal 4.18.0-348.el8.0.2.x86_64 #1 SMP Sun Nov 14 00:51:12 UTC 2021 x86_64",
		"timestamp":	{
			"time":	"Wed, 05 Apr 2023 02:57:54 GMT",
			"timesecs":	1680663474
		},
		"connecting_to":	{
			"host":	"192.168.1.2",
			"port":	5201
		},
		"cookie":	"hsmz6jkhag3gv4r7n6dliemeeghbghr6q7tr",
		"sock_bufsize":	0,
		"sndbuf_actual":	212992,
		"rcvbuf_actual":	212992,
		"test_start":	{
			"protocol":	"UDP",
			"num_streams":	1,
			"blksize":	1448,
			"omit":	0,
			"duration":	30,
			"bytes":	0,
			"blocks":	0,
			"reverse":	0,
			"tos":	0
		}
	},
	"intervals":	[{
			"streams":	[{
					"socket":	5,
					"start":	0,
					"end":	1.0000040531158447,
					"seconds":	1.0000040531158447,
					"bytes":	415655640,
					"bits_per_second":	3325231642.4509425,
					"packets":	287055,
					"omitted":	false
				}],
			"sum":	{
				"start":	0,
				"end":	1.0000040531158447,
				"seconds":	1.0000040531158447,
				"bytes":	415655640,
				"bits_per_second":	3325231642.4509425,
				"packets":	287055,
				"omitted":	false
			}
		}, {
			"streams":	[{
					"socket":	5,
					"start":	1.0000040531158447,
					"end":	2.0000019073486328,
					"seconds":	0.99999785423278809,
					"bytes":	414516064,
					"bits_per_second":	3316135627.6551,
					"packets":	286268,
					"omitted":	false
				}],
			"sum":	{
				"start":	1.0000040531158447,
				"end":	2.0000019073486328,
				"seconds":	0.99999785423278809,
				"bytes":	414516064,
				"bits_per_second":	3316135627.6551,
				"packets":	286268,
				"omitted":	false
			}
		}, {
			"streams":	[{
					"socket":	5,
					"start":	2.0000019073486328,
					"end":	3.0000028610229492,
					"seconds":	1.0000009536743164,
					"bytes":	413887632,
					"bits_per_second":	3311097898.2909751,
					"packets":	285834,
					"omitted":	false
				}],
			"sum":	{
				"start":	2.0000019073486328,
				"end":	3.0000028610229492,
				"seconds":	1.0000009536743164,
				"bytes":	413887632,
				"bits_per_second":	3311097898.2909751,
				"packets":	285834,
				"omitted":	false
			}
		}, {
			"streams":	[{
					"socket":	5,
					"start":	3.0000028610229492,
					"end":	4.0000040531158447,
					"seconds":	1.0000011920928955,
					"bytes":	407349912,
					"bits_per_second":	3258795411.2131424,
					"packets":	281319,
					"omitted":	false
				}],
			"sum":	{
				"start":	3.0000028610229492,
				"end":	4.0000040531158447,
				"seconds":	1.0000011920928955,
				"bytes":	407349912,
				"bits_per_second":	3258795411.2131424,
				"packets":	281319,
				"omitted":	false
			}
		}, {
			"streams":	[{
					"socket":	5,
					"start":	4.0000040531158447,
					"end":	5.0000019073486328,
					"seconds":	0.99999785423278809,
					"bytes":	415531112,
					"bits_per_second":	3324256029.0795913,
					"packets":	286969,
					"omitted":	false
				}],
			"sum":	{
				"start":	4.0000040531158447,
				"end":	5.0000019073486328,
				"seconds":	0.99999785423278809,
				"bytes":	415531112,
				"bits_per_second":	3324256029.0795913,
				"packets":	286969,
				"omitted":	false
			}
		}, {
			"streams":	[{
					"socket":	5,
					"start":	5.0000019073486328,
					"end":	6.0000028610229492,
					"seconds":	1.0000009536743164,
					"bytes":	415303776,
					"bits_per_second":	3322427039.4866643,
					"packets":	286812,
					"omitted":	false
				}],
			"sum":	{
				"start":	5.0000019073486328,
				"end":	6.0000028610229492,
				"seconds":	1.0000009536743164,
				"bytes":	415303776,
				"bits_per_second":	3322427039.4866643,
				"packets":	286812,
				"omitted":	false
			}
		}, {
			"streams":	[{
					"socket":	5,
					"start":	6.0000028610229492,
					"end":	7.0000059604644775,
					"seconds":	1.0000030994415283,
					"bytes":	415258888,
					"bits_per_second":	3322060807.4667735,
					"packets":	286781,
					"omitted":	false
				}],
			"sum":	{
				"start":	6.0000028610229492,
				"end":	7.0000059604644775,
				"seconds":	1.0000030994415283,
				"bytes":	415258888,
				"bits_per_second":	3322060807.4667735,
				"packets":	286781,
				"omitted":	false
			}
		}, {
			"streams":	[{
					"socket":	5,
					"start":	7.0000059604644775,
					"end":	8.0000050067901611,
					"seconds":	0.99999904632568359,
					"bytes":	413848536,
					"bits_per_second":	3310791445.4167686,
					"packets":	285807,
					"omitted":	false
				}],
			"sum":	{
				"start":	7.0000059604644775,
				"end":	8.0000050067901611,
				"seconds":	0.99999904632568359,
				"bytes":	413848536,
				"bits_per_second":	3310791445.4167686,
				"packets":	285807,
				"omitted":	false
			}
		}, {
			"streams":	[{
					"socket":	5,
					"start":	8.0000050067901611,
					"end":	9.0000040531158447,
					"seconds":	0.99999904632568359,
					"bytes":	462026392,
					"bits_per_second":	3696214660.98499,
					"packets":	319079,
					"omitted":	false
				}],
			"sum":	{
				"start":	8.0000050067901611,
				"end":	9.0000040531158447,
				"seconds":	0.99999904632568359,
				"bytes":	462026392,
				"bits_per_second":	3696214660.98499,
				"packets":	319079,
				"omitted":	false
			}
		}, {
			"streams":	[{
					"socket":	5,
					"start":	9.0000040531158447,
					"end":	10.000002861022949,
					"seconds":	0.99999880790710449,
					"bytes":	508678056,
					"bits_per_second":	4069429299.1377563,
					"packets":	351297,
					"omitted":	false
				}],
			"sum":	{
				"start":	9.0000040531158447,
				"end":	10.000002861022949,
				"seconds":	0.99999880790710449,
				"bytes":	508678056,
				"bits_per_second":	4069429299.1377563,
				"packets":	351297,
				"omitted":	false
			}
		}, {
			"streams":	[{
					"socket":	5,
					"start":	10.000002861022949,
					"end":	11.000005006790161,
					"seconds":	1.0000021457672119,
					"bytes":	455513288,
					"bits_per_second":	3644098484.6129546,
					"packets":	314581,
					"omitted":	false
				}],
			"sum":	{
				"start":	10.000002861022949,
				"end":	11.000005006790161,
				"seconds":	1.0000021457672119,
				"bytes":	455513288,
				"bits_per_second":	3644098484.6129546,
				"packets":	314581,
				"omitted":	false
			}
		}, {
			"streams":	[{
					"socket":	5,
					"start":	11.000005006790161,
					"end":	12.000002861022949,
					"seconds":	0.99999785423278809,
					"bytes":	413317120,
					"bits_per_second":	3306544055.0738182,
					"packets":	285440,
					"omitted":	false
				}],
			"sum":	{
				"start":	11.000005006790161,
				"end":	12.000002861022949,
				"seconds":	0.99999785423278809,
				"bytes":	413317120,
				"bits_per_second":	3306544055.0738182,
				"packets":	285440,
				"omitted":	false
			}
		}, {
			"streams":	[{
					"socket":	5,
					"start":	12.000002861022949,
					"end":	13.000014066696167,
					"seconds":	1.0000112056732178,
					"bytes":	415500704,
					"bits_per_second":	3323968384.6964951,
					"packets":	286948,
					"omitted":	false
				}],
			"sum":	{
				"start":	12.000002861022949,
				"end":	13.000014066696167,
				"seconds":	1.0000112056732178,
				"bytes":	415500704,
				"bits_per_second":	3323968384.6964951,
				"packets":	286948,
				"omitted":	false
			}
		}, {
			"streams":	[{
					"socket":	5,
					"start":	13.000014066696167,
					"end":	14.000004053115845,
					"seconds":	0.99998998641967773,
					"bytes":	414097592,
					"bits_per_second":	3312813909.1281719,
					"packets":	285979,
					"omitted":	false
				}],
			"sum":	{
				"start":	13.000014066696167,
				"end":	14.000004053115845,
				"seconds":	0.99998998641967773,
				"bytes":	414097592,
				"bits_per_second":	3312813909.1281719,
				"packets":	285979,
				"omitted":	false
			}
		}, {
			"streams":	[{
					"socket":	5,
					"start":	14.000004053115845,
					"end":	15.000002861022949,
					"seconds":	0.99999880790710449,
					"bytes":	413464816,
					"bits_per_second":	3307722471.1124582,
					"packets":	285542,
					"omitted":	false
				}],