{
	"start":	{
		"connected":	[{
				"socket":	5,
				"local_host":	"192.168.1.1",
				"local_port":	50395,
				"remote_host":	"192.168.1.2",
				"remote_port":	5201
			}],
		"version":	"iperf 3.5",
		"system_info":	"Linux 5d61e8d7-e361-4913-be72-9c3598041b06-r1.novalocal 4.18.0-348.el8.0.2.x86_64 #1 SMP Sun Nov 14 00:51:12 UTC 2021 x86_64",
		"timestamp":	{
			"time":	"Wed, 05 Apr 2023 01:56:04 GMT",
			"timesecs":	1680659764
		},
		"connecting_to":	{
			"host":	"192.168.1.2",
			"port":	5201
		},
		"cookie":	"pbodm2pv2fdxejyvtygzwmjdzy6m7rmrmnmm",
		"sock_bufsize":	4194304,
		"sndbuf_actual":	8388608,
		"rcvbuf_actual":	8388608,
		"test_start":	{
			"protocol":	"UDP",
			"num_streams":	1,
			"blksize":	8972,
			"omit":	0,
			"duration":	30,
			"bytes":	0,
			"blocks":	0,
			"reverse":	0,
			"tos":	0
		}
	},
	"intervals":	[{
			"streams":	[{
					"socket":	5,
					"start":	0,
					"end":	1.0000510215759277,
					"seconds":	1.0000510215759277,
					"bytes":	614133400,
					"bits_per_second":	4912816540.3578672,
					"packets":	68450,
					"omitted":	false
				}],
			"sum":	{
				"start":	0,
				"end":	1.0000510215759277,
				"seconds":	1.0000510215759277,
				"bytes":	614133400,
				"bits_per_second":	4912816540.3578672,
				"packets":	68450,
				"omitted":	false
			}
		}, {
			"streams":	[{
					"socket":	5,
					"start":	1.0000510215759277,
					"end":	2.0000391006469727,
					"seconds":	0.99998807907104492,
					"bytes":	1096378400,
					"bits_per_second":	8771131760.0385666,
					"packets":	122200,
					"omitted":	false
				}],
			"sum":	{
				"start":	1.0000510215759277,
				"end":	2.0000391006469727,
				"seconds":	0.99998807907104492,
				"bytes":	1096378400,
				"bits_per_second":	8771131760.0385666,
				"packets":	122200,
				"omitted":	false
			}
		}, {
			"streams":	[{
					"socket":	5,
					"start":	2.0000391006469727,
					"end":	3.00006103515625,
					"seconds":	1.0000219345092773,
					"bytes":	1217410680,
					"bits_per_second":	9739071818.23885,
					"packets":	135690,
					"omitted":	false
				}],
			"sum":	{
				"start":	2.0000391006469727,
				"end":	3.00006103515625,
				"seconds":	1.0000219345092773,
				"bytes":	1217410680,
				"bits_per_second":	9739071818.23885,
				"packets":	135690,
				"omitted":	false
			}
		}, {
			"streams":	[{
					"socket":	5,
					"start":	3.00006103515625,
					"end":	4.0000510215759277,
					"seconds":	0.99998998641967773,
					"bytes":	1222076120,
					"bits_per_second":	9776706859.8394279,
					"packets":	136210,
					"omitted":	false
				}],
			"sum":	{
				"start":	3.00006103515625,
				"end":	4.0000510215759277,
				"seconds":	0.99998998641967773,
				"bytes":	1222076120,
				"bits_per_second":	9776706859.8394279,
				"packets":	136210,
				"omitted":	false
			}
		}, {
			"streams":	[{
					"socket":	5,
					"start":	4.0000510215759277,
					"end":	5.00006103515625,
					"seconds":	1.0000100135803223,
					"bytes":	1200902200,
					"bits_per_second":	9607121398.3182125,
					"packets":	133850,
					"omitted":	false
				}],
			"sum":	{
				"start":	4.0000510215759277,
				"end":	5.00006103515625,
				"seconds":	1.0000100135803223,
				"bytes":	1200902200,
				"bits_per_second":	9607121398.3182125,
				"packets":	133850,
				"omitted":	false
			}
		}, {
			"streams":	[{
					"socket":	5,
					"start":	5.00006103515625,
					"end":	6.00002908706665,
					"seconds":	0.99996805191040039,
					"bytes":	1144109440,
					"bits_per_second":	9153167946.2296658,
					"packets":	127520,
					"omitted":	false
				}],
			"sum":	{
				"start":	5.00006103515625,
				"end":	6.00002908706665,
				"seconds":	0.99996805191040039,
				"bytes":	1144109440,
				"bits_per_second":	9153167946.2296658,
				"packets":	127520,
				"omitted":	false
			}
		}, {
			"streams":	[{
					"socket":	5,
					"start":	6.00002908706665,
					"end":	7.000014066696167,
					"seconds":	0.9999849796295166,
					"bytes":	1158285200,
					"bits_per_second":	9266420785.073246,
					"packets":	129100,
					"omitted":	false
				}],
			"sum":	{
				"start":	6.00002908706665,
				"end":	7.000014066696167,
				"seconds":	0.9999849796295166,
				"bytes":	1158285200,
				"bits_per_second":	9266420785.073246,
				"packets":	129100,
				"omitted":	false
			}
		}, {
			"streams":	[{
					"socket":	5,
					"start":	7.000014066696167,
					"end":	8.00000810623169,
					"seconds":	0.99999403953552246,
					"bytes":	1158105760,
					"bits_per_second":	9264901303.1151047,
					"packets":	129080,
					"omitted":	false
				}],
			"sum":	{
				"start":	7.000014066696167,
				"end":	8.00000810623169,
				"seconds":	0.99999403953552246,
				"bytes":	1158105760,
				"bits_per_second":	9264901303.1151047,
				"packets":	129080,
				"omitted":	false
			}
		}, {
			"streams":	[{
					"socket":	5,
					"start":	8.00000810623169,
					"end":	9.0000090599060059,
					"seconds":	1.0000009536743164,
					"bytes":	1158554360,
					"bits_per_second":	9268426040.9401321,
					"packets":	129130,
					"omitted":	false
				}],
			"sum":	{
				"start":	8.00000810623169,
				"end":	9.0000090599060059,
				"seconds":	1.0000009536743164,
				"bytes":	1158554360,
				"bits_per_second":	9268426040.9401321,
				"packets":	129130,
				"omitted":	false
			}
		}, {
			"streams":	[{
					"socket":	5,
					"start":	9.0000090599060059,
					"end":	10.000018119812012,
					"seconds":	1.0000090599060059,
					"bytes":	1186188120,
					"bits_per_second":	9489418986.75593,
					"packets":	132210,
					"omitted":	false
				}],
			"sum":	{
				"start":	9.0000090599060059,
				"end":	10.000018119812012,
				"seconds":	1.0000090599060059,
				"bytes":	1186188120,
				"bits_per_second":	9489418986.75593,
				"packets":	132210,
				"omitted":	false
			}
		}, {
			"streams":	[{
					"socket":	5,
					"start":	10.000018119812012,
					"end":	11.000019073486328,
					"seconds":	1.0000009536743164,
					"bytes":	1188431120,
					"bits_per_second":	9507439892.99876,
					"packets":	132460,
					"omitted":	false
				}],
			"sum":	{
				"start":	10.000018119812012,
				"end":	11.000019073486328,
				"seconds":	1.0000009536743164,
				"bytes":	1188431120,
				"bits_per_second":	9507439892.99876,
				"packets":	132460,
				"omitted":	false
			}
		}, {
			"streams":	[{
					"socket":	5,
					"start":	11.000019073486328,
					"end":	12.000014066696167,
					"seconds":	0.99999499320983887,
					"bytes":	1218487320,
					"bits_per_second":	9747947365.9269638,
					"packets":	135810,
					"omitted":	false
				}],
			"sum":	{
				"start":	11.000019073486328,
				"end":	12.000014066696167,
				"seconds":	0.99999499320983887,
				"bytes":	1218487320,
				"bits_per_second":	9747947365.9269638,
				"packets":	135810,
				"omitted":	false
			}
		}, {
			"streams":	[{
					"socket":	5,
					"start":	12.000014066696167,
					"end":	13.000039100646973,
					"seconds":	1.0000250339508057,
					"bytes":	1221448080,
					"bits_per_second":	9771340024.7545147,
					"packets":	136140,
					"omitted":	false
				}],
			"sum":	{
				"start":	12.000014066696167,
				"end":	13.000039100646973,
				"seconds":	1.0000250339508057,
				"bytes":	1221448080,
				"bits_per_second":	9771340024.7545147,
				"packets":	136140,
				"omitted":	false
			}
		}, {
			"streams":	[{
					"socket":	5,
					"start":	13.000039100646973,
					"end":	14.000022888183594,
					"seconds":	0.99998378753662109,
					"bytes":	1226651840,
					"bits_per_second":	9813373818.9636631,
					"packets":	136720,
					"omitted":	false
				}],
			"sum":	{
				"start":	13.000039100646973,
				"end":	14.000022888183594,
				"seconds":	0.99998378753662109,
				"bytes":	1226651840,
				"bits_per_second":	9813373818.9636631,
				"packets":	136720,
				"omitted":	false
			}
		}, {
			"streams":	[{
					"socket":	5,
					"start":	14.000022888183594,
					"end":	15.000042915344238,
					"seconds":	1.0000200271606445,
					"bytes":	1197851720,
					"bits_per_second":	9582621847.2928677,
					"packets":	133510,
					"omitted":	false
				}],