{
	"start":	{
		"connected":	[{
				"socket":	5,
				"local_host":	"192.168.1.1",
				"local_port":	49717,
				"remote_host":	"192.168.1.2",
				"remote_port":	5201
			}],
		"version":	"iperf 3.5",
		"system_info":	"Linux 5d61e8d7-e361-4913-be72-9c3598041b06-r1.novalocal 4.18.0-348.el8.0.2.x86_64 #1 SMP Sun Nov 14 00:51:12 UTC 2021 x86_64",
		"timestamp":	{
			"time":	"Wed, 05 Apr 2023 02:56:46 GMT",
			"timesecs":	1680663406
		},
		"connecting_to":	{
			"host":	"192.168.1.2",
			"port":	5201
		},
		"cookie":	"aqdun534jdj47z2mcnuspdrrbtjwuet65ol6",
		"sock_bufsize":	0,
		"sndbuf_actual":	212992,
		"rcvbuf_actual":	212992,
		"test_start":	{
			"protocol":	"UDP",
			"num_streams":	1,
			"blksize":	1448,
			"omit":	0,
			"duration":	30,
			"bytes":	0,
			"blocks":	0,
			"reverse":	0,
			"tos":	0
		}
	},
	"intervals":	[{
			"streams":	[{
					"socket":	5,
					"start":	0,
					"end":	1.00006103515625,
					"seconds":	1.00006103515625,
					"bytes":	124916064,
					"bits_per_second":	999267521.5506866,
					"packets":	86268,
					"omitted":	false
				}],
			"sum":	{
				"start":	0,
				"end":	1.00006103515625,
				"seconds":	1.00006103515625,
				"bytes":	124916064,
				"bits_per_second":	999267521.5506866,
				"packets":	86268,
				"omitted":	false
			}
		}, {
			"streams":	[{
					"socket":	5,
					"start":	1.00006103515625,
					"end":	2.00006103515625,
					"seconds":	1,
					"bytes":	125000048,
					"bits_per_second":	1000000384,
					"packets":	86326,
					"omitted":	false
				}],
			"sum":	{
				"start":	1.00006103515625,
				"end":	2.00006103515625,
				"seconds":	1,
				"bytes":	125000048,
				"bits_per_second":	1000000384,
				"packets":	86326,
				"omitted":	false
			}
		}, {
			"streams":	[{
					"socket":	5,
					"start":	2.00006103515625,
					"end":	3.0000588893890381,
					"seconds":	0.99999785423278809,
					"bytes":	125000048,
					"bits_per_second":	1000002529.7726402,
					"packets":	86326,
					"omitted":	false
				}],
			"sum":	{
				"start":	2.00006103515625,
				"end":	3.0000588893890381,
				"seconds":	0.99999785423278809,
				"bytes":	125000048,
				"bits_per_second":	1000002529.7726402,
				"packets":	86326,
				"omitted":	false
			}
		}, {
			"streams":	[{
					"socket":	5,
					"start":	3.0000588893890381,
					"end":	4.00006103515625,
					"seconds":	1.0000021457672119,
					"bytes":	125000048,
					"bits_per_second":	999998238.23656845,
					"packets":	86326,
					"omitted":	false
				}],
			"sum":	{
				"start":	3.0000588893890381,
				"end":	4.00006103515625,
				"seconds":	1.0000021457672119,
				"bytes":	125000048,
				"bits_per_second":	999998238.23656845,
				"packets":	86326,
				"omitted":	false
			}
		}, {
			"streams":	[{
					"socket":	5,
					"start":	4.00006103515625,
					"end":	5.0000598430633545,
					"seconds":	0.99999880790710449,
					"bytes":	125000048,
					"bits_per_second":	1000001576.0947744,
					"packets":	86326,
					"omitted":	false
				}],
			"sum":	{
				"start":	4.00006103515625,
				"end":	5.0000598430633545,
				"seconds":	0.99999880790710449,
				"bytes":	125000048,
				"bits_per_second":	1000001576.0947744,
				"packets":	86326,
				"omitted":	false
			}
		}, {
			"streams":	[{
					"socket":	5,
					"start":	5.0000598430633545,
					"end":	6.0000598430633545,
					"seconds":	1,
					"bytes":	124998600,
					"bits_per_second":	999988800,
					"packets":	86325,
					"omitted":	false
				}],
			"sum":	{
				"start":	5.0000598430633545,
				"end":	6.0000598430633545,
				"seconds":	1,
				"bytes":	124998600,
				"bits_per_second":	999988800,
				"packets":	86325,
				"omitted":	false
			}
		}, {
			"streams":	[{
					"socket":	5,
					"start":	6.0000598430633545,
					"end":	7.00006103515625,
					"seconds":	1.0000011920928955,
					"bytes":	125001496,
					"bits_per_second":	1000010775.8942586,
					"packets":	86327,
					"omitted":	false
				}],
			"sum":	{
				"start":	6.0000598430633545,
				"end":	7.00006103515625,
				"seconds":	1.0000011920928955,
				"bytes":	125001496,
				"bits_per_second":	1000010775.8942586,
				"packets":	86327,
				"omitted":	false
			}
		}, {
			"streams":	[{
					"socket":	5,
					"start":	7.00006103515625,
					"end":	8.0000598430633545,
					"seconds":	0.99999880790710449,
					"bytes":	125002944,
					"bits_per_second":	1000024744.1223928,
					"packets":	86328,
					"omitted":	false
				}],
			"sum":	{
				"start":	7.00006103515625,
				"end":	8.0000598430633545,
				"seconds":	0.99999880790710449,
				"bytes":	125002944,
				"bits_per_second":	1000024744.1223928,
				"packets":	86328,
				"omitted":	false
			}
		}, {
			"streams":	[{
					"socket":	5,
					"start":	8.0000598430633545,
					"end":	9.00006103515625,
					"seconds":	1.0000011920928955,
					"bytes":	124998600,
					"bits_per_second":	999987607.921877,
					"packets":	86325,
					"omitted":	false
				}],
			"sum":	{
				"start":	8.0000598430633545,
				"end":	9.00006103515625,
				"seconds":	1.0000011920928955,
				"bytes":	124998600,
				"bits_per_second":	999987607.921877,
				"packets":	86325,
				"omitted":	false
			}
		}, {
			"streams":	[{
					"socket":	5,
					"start":	9.00006103515625,
					"end":	10.000059843063354,
					"seconds":	0.99999880790710449,
					"bytes":	124998600,
					"bits_per_second":	999989992.08096516,
					"packets":	86325,
					"omitted":	false
				}],
			"sum":	{
				"start":	9.00006103515625,
				"end":	10.000059843063354,
				"seconds":	0.99999880790710449,
				"bytes":	124998600,
				"bits_per_second":	999989992.08096516,
				"packets":	86325,
				"omitted":	false
			}
		}, {
			"streams":	[{
					"socket":	5,
					"start":	10.000059843063354,
					"end":	11.00006103515625,
					"seconds":	1.0000011920928955,
					"bytes":	125000048,
					"bits_per_second":	999999191.90806782,
					"packets":	86326,
					"omitted":	false
				}],
			"sum":	{
				"start":	10.000059843063354,
				"end":	11.00006103515625,
				"seconds":	1.0000011920928955,
				"bytes":	125000048,
				"bits_per_second":	999999191.90806782,
				"packets":	86326,
				"omitted":	false
			}
		}, {
			"streams":	[{
					"socket":	5,
					"start":	11.00006103515625,
					"end":	12.00006103515625,
					"seconds":	1,
					"bytes":	124998600,
					"bits_per_second":	999988800,
					"packets":	86325,
					"omitted":	false
				}],
			"sum":	{
				"start":	11.00006103515625,
				"end":	12.00006103515625,
				"seconds":	1,
				"bytes":	124998600,
				"bits_per_second":	999988800,
				"packets":	86325,
				"omitted":	false
			}
		}, {
			"streams":	[{
					"socket":	5,
					"start":	12.00006103515625,
					"end":	13.00006103515625,
					"seconds":	1,
					"bytes":	125000048,
					"bits_per_second":	1000000384,
					"packets":	86326,
					"omitted":	false
				}],
			"sum":	{
				"start":	12.00006103515625,
				"end":	13.00006103515625,
				"seconds":	1,
				"bytes":	125000048,
				"bits_per_second":	1000000384,
				"packets":	86326,
				"omitted":	false
			}
		}, {
			"streams":	[{
					"socket":	5,
					"start":	13.00006103515625,
					"end":	14.00006103515625,
					"seconds":	1,
					"bytes":	125001496,
					"bits_per_second":	1000011968,
					"packets":	86327,
					"omitted":	false
				}],
			"sum":	{
				"start":	13.00006103515625,
				"end":	14.00006103515625,
				"seconds":	1,
				"bytes":	125001496,
				"bits_per_second":	1000011968,
				"packets":	86327,
				"omitted":	false
			}
		}, {
			"streams":	[{
					"socket":	5,
					"start":	14.00006103515625,
					"end":	15.000061988830566,
					"seconds":	1.0000009536743164,
					"bytes":	124997152,
					"bits_per_second":	999976262.34832156,
					"packets":	86324,
					"omitted":	false
				}],
			"sum":	{
				"start":	14.00006103515625,
				"end":	15.000061988830566,
				"seconds":	1.0000009536743164,
				"bytes":	124997152,
				"bits_per_second":	999976262.34832156,
				"packets":	86324,
				"omitted":	false
			}
		}, {
			"streams":	[{
					"socket":	5,
					"start":	15.000061988830566,
					"end":	16.000059843063354,
					"seconds":	0.99999785423278809,